{"cameraMode":{"drawMode":0,"name":"Shaded","section":"Shading Mode"},"sceneLighting":true,"audioPlay":false,"sceneViewState":{"showFog":true,"showMaterialUpdate":false,"showSkybox":true,"showFlares":true,"showImageEffects":true,"showParticleSystems":true,"showVisualEffectGraphs":true,"m_FxEnabled":true},"in2DMode":false,"pivot":{"x":-3.0676445960998537,"y":-2.9854674339294435,"z":-2.9337034225463869},"rotation":{"x":0.0004834936698898673,"y":0.9632852673530579,"z":-0.2684746980667114,"w":0.0017347297398373485},"size":8.363903045654297,"orthographic":false}