{"cameraMode":{"drawMode":0,"name":"Shaded","section":"Shading Mode"},"sceneLighting":true,"audioPlay":false,"sceneViewState":{"showFog":true,"showMaterialUpdate":false,"showSkybox":true,"showFlares":true,"showImageEffects":true,"showParticleSystems":true,"showVisualEffectGraphs":true,"m_FxEnabled":true},"in2DMode":false,"pivot":{"x":5.450448036193848,"y":-0.5534863471984863,"z":-11.938833236694336},"rotation":{"x":0.007233684416860342,"y":0.9881637692451477,"z":-0.04926074668765068,"w":0.14510469138622285},"size":18.79326629638672,"orthographic":false}